,loss,accuracy,val_loss,val_accuracy
0,1.5479892492294312,0.42821112275123596,1.3986589908599854,0.5026777982711792
